name,year,selling_price,km_driven,fuel
Maruti 800 AC,2007,60000,70000,Petrol
Maruti Wagon R LXI Minor,2007,135000,50000,Petrol
Hyundai Verna 1.6 SX,2012,600000,100000,Diesel
Datsun RediGO T Option,2017,250000,46000,Petrol
Honda Amaze VX i-DTEC,2014,450000,141000,Diesel
Maruti Alto LX BSIII,2007,140000,125000,Petrol
Hyundai Xcent 1.2 Kappa S,2016,550000,25000,Petrol
Tata Indigo Grand Petrol,2014,240000,60000,Petrol
Hyundai Creta 1.6 VTVT S,2015,850000,25000,Petrol
Maruti Celerio Green VXI,2017,365000,78000,CNG
Chevrolet Sail 1.2 Base,2015,260000,35000,Petrol
Tata Indigo Grand Petrol,2014,250000,100000,Petrol
Toyota Corolla Altis 1.8 VL CVT,2018,1650000,25000,Petrol
Maruti 800 AC,2007,60000,70000,Petrol
Maruti Wagon R LXI Minor,2007,135000,50000,Petrol
Hyundai Verna 1.6 SX,2012,600000,100000,Diesel
Datsun RediGO T Option,2017,250000,46000,Petrol
Honda Amaze VX i-DTEC,2014,450000,141000,Diesel
Maruti Alto LX BSIII,2007,140000,125000,Petrol
Hyundai Xcent 1.2 Kappa S,2016,550000,25000,Petrol
Tata Indigo Grand Petrol,2014,240000,60000,Petrol
Hyundai Creta 1.6 VTVT S,2015,850000,25000,Petrol
Maruti Celerio Green VXI,2017,365000,78000,CNG
Chevrolet Sail 1.2 Base,2015,260000,35000,Petrol
Tata Indigo Grand Petrol,2014,250000,100000,Petrol
Toyota Corolla Altis 1.8 VL CVT,2018,1650000,25000,Petrol
Maruti Ciaz VXi Plus,2015,585000,24000,Petrol
Hyundai Venue SX Opt Diesel,2019,1195000,5000,Diesel
Chevrolet Enjoy TCDi LTZ 7 Seater,2013,390000,33000,Diesel
Jaguar XF 2.2 Litre Luxury,2014,1964999,28000,Diesel
Mercedes-Benz New C-Class 220 CDI AT,2013,1425000,59000,Diesel
Maruti Vitara Brezza ZDi Plus AMT,2018,975000,4500,Diesel
Audi Q5 2.0 TDI,2011,1190000,175900,Diesel
Honda City V MT,2018,930000,14500,Petrol
Tata Tigor 1.2 Revotron XT,2018,525000,15000,Petrol
Audi A6 2.0 TDI  Design Edition,2013,1735000,50000,Diesel
Mercedes-Benz New C-Class C 220 CDI Avantgarde,2012,1375000,33800,Diesel
Skoda Superb Ambition 2.0 TDI CR AT,2011,450000,130400,Diesel
Toyota Corolla Altis G AT,2016,900000,50000,Petrol
Toyota Innova 2.5 G (Diesel) 7 Seater,2015,1300000,80000,Diesel
Jeep Compass 1.4 Sport Plus BSIV,2019,1400000,10000,Petrol
Mercedes-Benz E-Class E 200 CGI Elegance,2010,850000,119000,Petrol
Hyundai i10 Magna 1.1L,2014,229999,60000,Petrol
BMW 3 Series 320d Sport Line,2013,1550000,75800,Diesel
Audi Q7 35 TDI Quattro Premium,2009,1250000,78000,Diesel
Hyundai Elantra CRDi S,2012,625000,40000,Diesel
Mahindra Scorpio 1.99 S10,2014,1050000,50000,Diesel
Honda City i DTEC V,2014,560000,74000,Diesel
Maruti Wagon R VXI BS IV with ABS,2014,290000,64000,Petrol
Maruti Wagon R VXI BS IV,2012,275000,60000,Petrol
Mahindra Scorpio LX,2009,411000,120000,Diesel
Hyundai Santro Xing GLS,2009,150000,79000,Petrol
Hyundai Grand i10 1.2 Kappa Asta,2019,500000,15000,Petrol
Maruti Alto LXi,2006,100000,80000,Petrol
Maruti Swift Dzire VDI Optional,2017,725000,18500,Diesel
Maruti Eeco 5 Seater AC BSIV,2018,401000,10200,Petrol
Hyundai i20 Sportz 1.4 CRDi,2018,750000,29000,Diesel
Maruti Omni Maruti Omni MPI STD BSIII 5-STR W/ IMMOBILISER,2018,310000,28000,Petrol
Maruti Swift ZDi BSIV,2016,665000,46000,Diesel
Hyundai i20 2015-2017 Sportz Option 1.4 CRDi,2014,465000,70000,Diesel
Maruti Alto LXi,2012,160000,60000,Petrol
Mahindra Jeep CL 500 MDI,1996,250000,35000,Diesel
Honda City i DTEC VX,2014,675000,90000,Diesel
Maruti Wagon R VXI BS IV,2013,300000,80000,Petrol
Tata Indica DLS,2005,70000,80000,Diesel
Hyundai EON Magna Plus,2014,240000,73300,Petrol
Toyota Etios GD,2014,525000,92000,Diesel
Maruti Alto LXi,2009,151000,66764,Petrol
Maruti Alto LXi,2009,140000,100000,Petrol
Chevrolet Tavera Neo LS B3 - 7(C) seats BSIII,2010,280000,350000,Diesel
Toyota Corolla Altis Diesel D4DG,2011,350000,230000,Diesel
Mahindra Scorpio 1.99 S6 Plus,2017,570000,60000,Diesel
Hyundai EON Magna Plus,2018,300000,31000,Petrol
Tata Indigo Classic Dicor,2007,100000,39000,Diesel
Toyota Innova 2.5 V Diesel 8-seater,2009,500000,120000,Diesel
Tata Indica Vista Quadrajet LS,2014,125000,166000,Diesel
Maruti Swift 1.3 VXi,2006,130000,110000,Petrol
Ford EcoSport 1.5 Diesel Titanium BSIV,2017,925000,35000,Diesel
Maruti Ciaz 1.3 Delta,2018,750000,60000,Diesel
Honda Civic 1.8 V AT,2007,200000,54000,Petrol
Hyundai i10 Sportz 1.2,2010,248000,63000,Petrol
Skoda Rapid 1.5 TDI Elegance,2014,450000,120000,Diesel
Hyundai Getz GLS,2005,80000,120000,Petrol
Nissan Terrano XL,2014,650000,76000,Petrol
Hyundai Grand i10 CRDi Sportz,2015,450000,80000,Diesel
Hyundai Elite i20 Diesel Era,2019,650000,25000,Diesel
Honda Amaze S i-VTEC,2016,495000,11958,Petrol
Honda Brio S MT,2015,371000,20000,Petrol
Hyundai Creta 1.6 SX Option,2017,1025000,9000,Petrol
Mercedes-Benz S-Class S 350d Connoisseurs Edition,2017,8150000,6500,Diesel
Mahindra XUV500 W8 2WD,2015,750000,70000,Diesel
Renault Duster 85PS Diesel RxL Optional,2013,600000,120000,Diesel
Hyundai Santro Xing XO,2007,80000,58000,Petrol
Mahindra Bolero 2011-2019 SLE,2013,325000,62200,Diesel
Audi A6 2.0 TDI Premium Plus,2014,1470000,34000,Diesel
Fiat Avventura MULTIJET Emotion,2015,350000,53000,Diesel
Audi A8 4.2 TDI,2013,2800000,49000,Diesel
Datsun RediGO 1.0 S,2017,210000,15000,Petrol
Volkswagen Jetta 1.4 TSI Comfortline,2013,450000,50000,Petrol
Audi A4 2.0 TDI 177 Bhp Premium Plus,2013,1150000,53000,Diesel
Honda Civic 1.8 V AT,2009,210000,63500,Petrol
Mercedes-Benz E-Class Exclusive E 200 BSIV,2018,4500000,9800,Petrol
BMW X1 sDrive 20d xLine,2017,2750000,13000,Diesel
Volvo V40 D3 R Design,2018,1975000,21000,Diesel
Maruti SX4 Zxi BSIII,2008,175000,29173,Petrol
BMW 7 Series 730Ld,2012,2500000,48000,Diesel
Mahindra Bolero Power Plus SLX,2017,628000,120000,Diesel
Hyundai Sonata CRDi M/T,2010,600000,100000,Diesel
Nissan Micra Active XV Petrol,2017,399000,30000,Petrol
Mahindra Xylo D4,2018,750000,87000,Diesel
Hyundai Elite i20 Sportz Plus Dual Tone BSIV,2019,750000,15000,Petrol
Renault KWID RXT,2017,315000,16000,Petrol
Mahindra Xylo E4 BS III,2012,600000,60000,Diesel
Maruti Wagon R LXI Minor,2010,100000,60000,Petrol
Maruti SX4 ZXI MT BSIV,2011,250000,110000,Petrol
Renault KWID RXT,2017,350000,25000,Petrol
Hyundai Creta 1.4 CRDi S,2016,780000,60000,Diesel
Maruti Swift Dzire VDI,2014,434000,79350,Diesel
Hyundai Verna 1.6 VTVT AT S Option,2016,690000,80000,Petrol
Mahindra Scorpio LX BSIV,2014,555000,90000,Diesel
Maruti SX4 Vxi BSIII,2007,120000,90000,Petrol
Maruti Ertiga VDI,2014,500000,120000,Diesel
Chevrolet Beat Diesel,2013,165000,60000,Diesel
Maruti Zen LX,2004,95000,50000,Petrol
Maruti Baleno Delta 1.2,2018,550000,20000,Petrol
Maruti Swift Vdi BSIII,2007,100000,110000,Diesel
Tata Nano Lx BSIV,2012,100000,50000,Petrol
Toyota Innova 2.5 GX (Diesel) 8 Seater,2012,500000,100000,Diesel
Maruti Ertiga SHVS VDI,2016,800000,70000,Diesel
Hyundai Creta 1.6 CRDi SX,2016,840000,70000,Diesel
Honda Amaze S i-Vtech,2016,490000,50000,Petrol
Tata Indica Vista Aqua 1.4 TDI,2010,125000,81000,Diesel
Chevrolet Tavera Neo 2 LS B4 7 Str BSIII,2012,400000,120000,Diesel
Chevrolet Cruze LTZ,2015,1000000,3600,Diesel
Ford Figo Aspire 1.2 Ti-VCT Titanium Plus,2015,530000,14272,Petrol
Ford EcoSport 1.5 Diesel Titanium Plus BSIV,2017,840000,49213,Diesel
Hyundai i10 Sportz 1.1L,2015,229999,40000,Petrol
Maruti 800 Std,1998,40000,40000,Petrol
Chevrolet Spark 1.0 LS,2012,130000,80000,Petrol
Hyundai EON Era Plus,2015,200000,70000,Petrol
Tata Indica Vista Aqua TDI BSIII,2011,120000,70000,Diesel
Hyundai Santro LP zipPlus,2003,75000,57000,Petrol
Tata Bolt Quadrajet XE,2016,250000,120000,Diesel
Maruti 800 AC BSIII,2005,100000,30000,Petrol
Hyundai EON Era Plus,2013,280000,3240,Petrol
Hyundai i20 Magna 1.2,2015,540000,5000,Petrol
Hyundai i20 1.2 Asta,2018,700000,10000,Petrol
Maruti Ciaz VDi Plus,2015,525000,100000,Diesel
Hyundai i20 Asta 1.4 CRDi,2016,430000,80000,Diesel
Hyundai Santro LE,2002,65000,70000,Petrol
Maruti Vitara Brezza VDi,2018,800000,35000,Diesel
Hyundai Santro Xing XL eRLX Euro III,2007,75000,114000,Petrol
Hyundai Getz 1.3 GLS,2008,210000,53772,Petrol
Mahindra Quanto C8,2012,195000,140000,Diesel
Chevrolet Tavera Neo 3 LS 7 C BSIII,2015,400000,120000,Diesel
Hyundai EON Magna Plus,2012,170000,60000,Petrol
Renault KWID RXT,2016,225000,25000,Petrol
Maruti Wagon R DUO LPG,2014,210000,90000,LPG
Maruti Wagon R LXI,2020,240000,120000,Petrol
Chevrolet Enjoy 1.3 TCDi LS 8,2015,300000,175000,Diesel
Chevrolet Spark 1.0 LS,2011,99000,100000,Petrol
Honda City i VTEC SV,2014,620000,36000,Petrol
Honda Amaze VX i-DTEC,2013,500000,30000,Diesel
Jaguar XJ 5.0 L V8 Supercharged,2010,2550000,40000,Petrol
Honda Brio E MT,2013,260000,70000,Petrol
Maruti Swift VVT ZXI,2017,550000,60000,Petrol
Tata Indigo CR4,2011,150000,155500,Diesel
Hyundai i10 Asta AT,2011,350000,50000,Petrol
Chevrolet Beat LT,2016,320000,40000,Petrol
Maruti Swift VDI BSIV,2015,400000,100000,Diesel
Maruti Alto LXi,2012,175000,80000,Petrol
Chevrolet Beat LT,2011,120000,90000,Petrol
Renault Duster 110PS Diesel RxZ,2013,320000,90000,Diesel
Hyundai Santro Xing XG,2006,70000,110000,Petrol
Maruti Swift Dzire ZXI Plus,2019,810000,15000,Petrol
Maruti 800 AC,2007,95000,100000,Petrol
Maruti Alto K10 LXI CNG,2020,282000,40000,CNG
Maruti 800 Std BSII,2004,80000,60000,Petrol
Tata Nano LX SE,2013,72000,25000,Petrol
Hyundai i20 Magna 1.2,2016,600000,25000,Petrol
Skoda Rapid 1.6 MPI Ambition With Alloy Wheel,2015,640000,23000,Petrol
Maruti Alto K10 VXI,2018,380000,22155,Petrol
Maruti Ciaz 1.4 Delta,2018,650000,70000,Petrol
Maruti Alto LX,2009,150000,60000,Petrol
Hyundai i20 Asta,2009,280000,110000,Petrol
Tata Nexon 1.2 Revotron XM,2018,430000,30000,Petrol
Mahindra Bolero Power Plus SLX,2019,800000,15000,Diesel
Maruti Zen D,2003,75000,100000,Diesel
Volkswagen Vento Celeste 1.5 TDI Highline AT,2016,650000,70000,Diesel
Maruti Eeco 7 Seater Standard BSIV,2017,390000,24000,Petrol
Honda City 1.5 EXI,2005,100000,120000,Petrol
Mercedes-Benz New C-Class 220 CDI AT,2013,1500000,35000,Diesel
Maruti SX4 Zxi with Leather BSIII,2007,175000,78380,Petrol
Renault Duster 110PS Diesel RxZ,2012,434999,110000,Diesel
Ford Figo Diesel Titanium,2010,170000,90000,Diesel
Ford Figo Diesel Titanium,2011,190000,90000,Diesel
Maruti Swift Dzire VDi,2009,250000,150000,Diesel
Mahindra Xylo E4,2009,229999,230000,Diesel
Maruti Esteem Vxi - BSIII,2006,140000,70000,Petrol
Maruti Swift VDI BSIV,2017,600000,80362,Diesel
Hyundai i20 1.2 Sportz,2012,280000,110000,Petrol
Chevrolet Beat Diesel LT,2012,150000,60000,Diesel
Chevrolet Cruze LTZ AT,2015,650000,50000,Diesel
Nissan Micra XL,2014,210000,40000,Petrol
BMW 5 Series 520d Luxury Line,2017,2900000,40000,Diesel
Chevrolet Enjoy 1.3 TCDi LS 8,2013,425000,20000,Diesel
Hyundai EON Era Plus Option,2014,265000,55000,Petrol
Fiat Linea T Jet Emotion,2018,890000,1136,Petrol
Renault Scala RxL,2013,365000,55000,Petrol
Ford Figo Petrol Titanium,2014,350000,43000,Petrol
Maruti Ciaz ZDi SHVS,2016,685000,60000,Diesel
Skoda Rapid 1.5 TDI Ambition BSIV,2018,940000,2650,Diesel
Mahindra XUV500 W6 2WD,2017,1000000,40000,Diesel
Mahindra XUV300 W8 Option,2019,1150000,15000,Petrol
Maruti Ertiga SHVS ZDI,2016,450000,115962,Diesel
Nissan Terrano XE D,2015,590000,65000,Diesel
Maruti S-Cross Facelift,2017,800000,40000,Diesel
Hyundai i20 Magna 1.4 CRDi (Diesel),2012,385000,58000,Diesel
Mercedes-Benz New C-Class C 220 CDI BE Avantgare,2013,2000000,15000,Diesel
Hyundai EON Era Plus,2012,235000,54000,Petrol
Volkswagen Ameo 1.5 TDI Highline,2017,640000,56000,Diesel
Maruti Alto LX,2006,52000,120000,Petrol
Maruti Omni LPG CARGO BSIII W IMMOBILISER,2009,80000,90000,LPG
Maruti Alto LX,2012,140000,70000,Petrol
Hyundai Verna i (Petrol),2008,120000,90000,Petrol
Mahindra Renault Logan 1.5 DLS,2008,89999,213000,Diesel
Chevrolet Optra Magnum 2.0 LS BSIII,2012,180000,120000,Diesel
Mahindra Scorpio S11 BSIV,2017,1500000,20000,Diesel
Hyundai i20 Active 1.2 SX,2017,700000,10000,Petrol
Maruti SX4 Celebration Diesel,2012,285000,80000,Diesel
Hyundai Grand i10 Magna,2015,390000,90000,Petrol
Maruti Alto LXi BSIII,2008,125000,80000,Petrol
Maruti SX4 Zxi with Leather BSIII,2008,225000,60000,Petrol
Hyundai i10 Era,2011,175000,139000,Petrol
Toyota Innova 2.5 V Diesel 7-seater,2011,1075000,160000,Diesel
Honda Mobilio V i DTEC,2014,300000,150000,Diesel
Toyota Innova 2.5 G (Diesel) 7 Seater BS IV,2010,700000,163000,Diesel
Tata Indica V2 2001-2011 DLS BSIII,2009,90000,120000,Diesel
Tata Indica Vista TDI LS,2011,120000,120000,Diesel
Chevrolet Beat Diesel LS,2012,220000,100000,Diesel
Tata Zest Quadrajet 1.3 75PS XE,2015,300000,140000,Diesel
Skoda Fabia 1.2L Diesel Ambiente,2010,180000,87000,Diesel
Maruti 800 Std,2013,170000,70000,Petrol
Ford Figo Petrol Titanium,2015,300000,50000,Petrol
Toyota Innova 2.5 VX (Diesel) 8 Seater,2014,1050000,70000,Diesel
Honda Mobilio V i DTEC,2014,300000,150000,Diesel
Hyundai Grand i10 1.2 CRDi Asta,2018,465000,25000,Diesel
Chevrolet Beat Diesel LT,2011,130000,80000,Diesel
Datsun GO Plus T Option Petrol,2018,434999,10000,Petrol
Hyundai Grand i10 1.2 Kappa Asta,2018,500000,32000,Petrol
Maruti Omni MPI STD BSIV,2018,200000,10000,Petrol
Maruti Baleno Alpha 1.2,2017,625000,52000,Petrol
Ford Fiesta Classic 1.4 SXI Duratorq,2006,110000,120000,Diesel
Hyundai Elite i20 Asta Option BSIV,2019,800000,11240,Petrol
Hyundai Grand i10 CRDi Magna,2017,490000,66000,Diesel
Maruti Ertiga SHVS ZDI,2017,880000,64000,Diesel
Hyundai Santro Xing GL Plus,2013,290000,49000,Petrol
Tata Sumo GX TC 7 Str BSIII,2006,115999,100000,Diesel
Renault KWID RXT,2018,360000,26500,Petrol
Maruti 800 AC,2002,65000,100000,Petrol
Maruti Vitara Brezza LDi Option,2017,685000,72000,Diesel
Honda Jazz S,2009,300000,50000,Petrol
Hyundai i20 1.4 Sportz,2017,680000,44000,Diesel
Maruti Ertiga SHVS ZDI Plus,2017,1000000,60000,Diesel
Tata Sumo SE Plus BSIII,2002,100000,120000,Diesel
Mahindra Xylo E4,2010,160000,130000,Diesel
Maruti Swift ZDi BSIV,2017,450000,70000,Diesel
Maruti Ertiga VXI,2014,600000,20000,Petrol
Hyundai i20 1.4 Magna ABS,2009,180000,60000,Diesel
Maruti Alto LXi,2007,100000,195000,Petrol
Maruti Alto LXi,2010,120000,90000,Petrol
Hyundai Getz GL,2006,130000,80000,Petrol
Maruti Wagon R LX BS IV,2011,160000,155000,Petrol
Mahindra Bolero Power Plus SLX,2019,860000,35000,Diesel
Hyundai i20 1.2 Spotz,2018,650000,20000,Petrol
Maruti Wagon R LXI Minor,2010,100000,80000,Petrol
Maruti Alto 800 VXI,2017,282000,20000,Petrol
Hyundai i20 Asta (o),2009,300000,50000,Petrol
Hyundai i20 Asta,2010,270000,110000,Petrol
Hyundai Verna 1.6 SX CRDi (O),2013,550000,29000,Diesel
Mahindra Xylo D2 BSIV,2013,450000,120000,Diesel
Mahindra Bolero SLX 2WD BSIII,2011,430000,70000,Diesel
Maruti Ertiga VXI ABS,2013,350000,40000,Petrol
Honda Brio 1.2 E MT,2017,350000,20000,Petrol
Toyota Etios Liva G,2013,229999,50000,Petrol
Maruti Alto 800 LXI,2013,110000,50000,Petrol
Maruti Swift Dzire 1.2 Vxi BSIV,2012,395000,49000,Petrol
Mahindra Scorpio VLS AT 2.2 mHAWK,2011,650000,70000,Diesel
Mahindra Bolero SLX,2011,350000,90000,Diesel
Mahindra XUV500 W11 Option AWD,2020,1400000,25000,Diesel
Tata Tiago 1.2 Revotron XZ,2018,360000,4000,Petrol
Mahindra Marazzo M8 8Str,2018,1300000,10000,Diesel
Renault Duster 110PS Diesel RxL,2015,800000,15000,Diesel
Hyundai EON Magna Plus,2018,229999,30000,Petrol
Maruti Wagon R VXI,2014,315000,41000,Petrol
Chevrolet Spark 1.0 LT,2012,125000,28000,Petrol
Maruti Baleno Alpha,2019,700000,16000,Petrol
Hyundai EON 1.0 Kappa Magna Plus,2015,160000,70000,Petrol
Ford Figo Aspire 1.2 Ti-VCT Trend,2017,530000,10832,Petrol
Ford Figo Aspire Facelift,2018,624000,14681,Diesel
Hyundai i10 Era,2009,250000,50000,Petrol
Mahindra Bolero SLX,2016,585000,51000,Diesel
Hyundai Verna 1.4 VTVT,2015,500000,25000,Petrol
Chevrolet Sail 1.2 LT ABS,2014,350000,30000,Petrol
Honda City i-DTEC SV,2014,495000,80000,Diesel
Hyundai Grand i10 1.2 Kappa Asta,2017,500000,50000,Petrol
Mahindra Bolero Power Plus Plus AC BSIV PS,2015,430000,200000,Diesel
Hyundai Grand i10 1.2 Kappa Sportz Option,2013,345000,44000,Petrol
Maruti Baleno Sigma 1.2,2015,500000,10000,Petrol
Tata Tiago 1.2 Revotron XZ,2019,425000,19600,Petrol
Maruti Wagon R LXI,2005,80000,40000,Petrol
Chevrolet Beat Diesel LS,2011,106000,50000,Diesel
Maruti A-Star Vxi,2009,180000,46730,Petrol
Datsun GO A,2015,250000,40000,Petrol
Skoda Yeti Ambition 4WD,2011,350000,80000,Diesel
Maruti Zen LXi BSII,2002,60000,80000,Petrol
Hyundai Verna CRDi 1.6 EX,2018,900000,24000,Diesel
Ford Aspire Titanium Diesel BSIV,2017,700000,21170,Diesel
BMW 3 Series 320d Sport,2013,2000000,167223,Diesel
Maruti Ertiga SHVS ZDI Plus,2017,1000000,40000,Diesel
BMW X1 sDrive 20d Exclusive,2011,1375000,60000,Diesel
Toyota Innova Crysta 2.4 VX MT,2016,1800000,141440,Diesel
Chevrolet Tavera Neo 3 10 Seats BSIV,2007,160000,120000,Diesel
Mitsubishi Outlander 2.4,2012,525000,140000,Petrol
Mahindra XUV500 W8 2WD,2012,850000,212814,Diesel
Maruti Baleno Alpha 1.3,2019,800000,30000,Diesel
Ford Figo Aspire 1.5 TDCi Titanium,2017,700000,88635,Diesel
Maruti Swift Dzire VDI,2018,800000,25000,Diesel
Hyundai i20 1.2 Spotz,2017,575000,20000,Petrol
Renault Duster 110PS Diesel RxZ,2012,350000,110000,Diesel
Maruti Swift Vdi BSIII,2008,250000,120000,Diesel
Ford Endeavour Titanium 4X2,2011,600000,149674,Diesel
Mahindra Scorpio 2.6 Turbo 9 Str,2007,370000,100000,Diesel
Maruti Baleno Vxi,2006,80000,120000,Petrol
Tata Indica DLX,2003,50000,120000,Diesel
Hyundai Verna CRDi 1.6 EX,2018,900000,25000,Diesel
Maruti Wagon R VXI BS IV,2014,300000,35000,Petrol
Tata Indica LSI,2002,125000,40000,Petrol
Maruti Swift Dzire VDI,2015,490000,60000,Diesel
Toyota Etios Liva GD,2012,300000,50000,Diesel
Tata Nano STD,2013,55000,25000,Petrol
Hyundai Grand i10 Sportz,2016,350000,25000,Petrol
Hyundai Grand i10 1.2 CRDi Asta,2019,755000,8000,Diesel
Maruti Ertiga SHVS VDI,2017,720000,60000,Diesel
Mahindra Bolero SLX,2006,229999,200000,Diesel
Mahindra Scorpio S7 140 BSIV,2018,1100000,20000,Diesel
Volkswagen Polo Petrol Comfortline 1.2L,2013,400000,100000,Petrol
Hyundai Xcent 1.1 CRDi Base,2015,350000,70000,Diesel
Chevrolet Beat Diesel PS,2012,159000,68000,Diesel
Maruti Swift ZXi BSIV,2017,550000,38000,Petrol
Maruti Ritz VDi,2013,335000,80000,Diesel
Tata Indigo CS Emax CNG GLX,2014,185000,72000,CNG
Maruti Eeco 5 STR With AC Plus HTR CNG,2012,229999,75000,CNG
Maruti Estilo LXI,2014,225000,43000,Petrol
Maruti Swift VXI with ABS,2007,250000,120000,Petrol
Tata Zest Quadrajet 1.3 XM,2015,400000,100000,Diesel
Maruti Swift VDI BSIV,2014,470000,163000,Diesel
Maruti Alto K10 VXI AGS Optional,2018,300000,25000,Petrol
Maruti Alto LX,2011,145000,25000,Petrol
Maruti SX4 Vxi BSIII,2007,100000,90000,Petrol
Mahindra Scorpio SLE BSIV,2014,500000,70000,Diesel
Hyundai Santro Xing GLS CNG,2010,130000,98000,CNG
Chevrolet Cruze LTZ,2010,240000,81925,Diesel
Ford Figo Diesel Celebration Edition,2013,150000,80000,Diesel
Renault KWID RXT Optional,2017,270000,40000,Petrol
Maruti Swift Dzire VDI,2014,400000,90000,Diesel
Hyundai EON Era Plus,2012,200000,46000,Petrol
Mahindra XUV500 W6 2WD,2012,550000,80000,Diesel
Renault KWID 1.0 RXT Optional,2018,325000,35000,Petrol
Skoda Rapid 1.5 TDI AT Style BSIV,2017,860000,82080,Diesel
Mahindra XUV500 W8 2WD,2012,600000,200000,Diesel
Chevrolet Spark 1.0,2009,125000,70000,Petrol
Maruti 800 AC,2000,60000,40000,Petrol
Chevrolet Tavera Neo 3 10 Seats BSIV,2010,300000,120000,Diesel
Ford Fiesta 1.6 ZXi Duratec,2007,190000,60000,Petrol
Maruti Ertiga VDI,2013,400000,110000,Diesel
Tata Manza Aura Quadrajet BS IV,2011,260000,97000,Diesel
Maruti Swift VVT VXI,2017,400000,30000,Petrol
Hyundai i20 Sportz Petrol,2010,250000,40000,Petrol
Hyundai Grand i10 1.2 Kappa Asta,2019,600000,10000,Petrol
Maruti Zen Estilo VXI BSIV,2010,175000,52047,Petrol
Toyota Innova 2.5 G (Diesel) 8 Seater BS IV,2011,450000,200000,Diesel
Tata Tiago 1.2 Revotron XZA,2019,350000,15000,Petrol
Maruti Vitara Brezza ZDi,2018,800000,50000,Diesel
Maruti Swift VXI BSIII,2011,250000,70000,Petrol
Maruti Swift VXI BSIV,2019,600000,10000,Petrol
Maruti Swift VDI BSIV,2017,600000,90000,Diesel
Maruti Alto 800 LXI,2016,130000,40000,Petrol
Maruti Wagon R LXI,2006,90000,62009,Petrol
Hyundai i20 Active 1.2 S,2017,595000,33100,Petrol
Hyundai EON Era Plus,2014,190000,40000,Petrol
Hyundai Santro GLS I - Euro I,1999,50000,120000,Petrol
Maruti Wagon R LXI Minor,2007,95000,80000,Petrol
Tata Safari Storme VX,2016,1000000,70000,Diesel
Mahindra Scorpio REV 116,2006,220000,220000,Petrol
Mahindra Bolero SLX,2010,400000,50000,Diesel
Datsun GO Plus A,2015,315000,45000,Petrol
Toyota Fortuner 4x4 MT,2014,1000000,110000,Diesel
Ford Ecosport 1.5 DV5 MT Titanium,2014,500000,49000,Diesel
Mahindra XUV500 W11 AT BSIV,2018,1600000,35000,Diesel
Mahindra Supro VX 8 Str,2017,500000,160000,Diesel
Maruti Alto LX,2007,70000,180000,Petrol
Maruti 800 AC,2007,105000,60000,Petrol
Ford Endeavour 2.5L 4X2 MT,2008,400000,110000,Diesel
Maruti Wagon R LXI,2004,80000,60000,Petrol
Maruti Alto 800 VXI,2016,300000,30000,Petrol
Mahindra KUV 100 D75 K2,2017,409999,40000,Diesel
Maruti Swift Glam,2009,250000,70000,Petrol
Tata New Safari DICOR 2.2 EX 4x2,2010,250000,120000,Diesel
Maruti Swift Dzire VDI,2012,215000,80000,Diesel
Toyota Fortuner 4x4 MT,2015,1400000,120000,Diesel
Honda Brio 1.2 VX MT,2018,475000,20000,Petrol
Honda Brio 1.2 VX MT,2018,475000,22000,Petrol
Chevrolet Spark 1.0 LS,2008,75000,35000,Petrol
Chevrolet Sail Hatchback LS ABS,2013,200000,120000,Diesel
Tata Tiago NRG Petrol,2019,575000,8000,Petrol
Maruti Ritz VDi,2011,150000,40000,Diesel
Maruti Vitara Brezza ZDi Plus,2018,850000,10000,Diesel
Hyundai Santro Era,2019,350000,30000,Petrol
Ford Endeavour 2.5L 4X2 MT,2011,550000,54000,Diesel
Hyundai Verna 1.4 VTVT,2017,330000,80577,Petrol
Honda City i-DTEC V,2017,1044999,25000,Diesel
Hyundai Verna 1.6 CRDI,2011,300000,127500,Diesel
Hyundai EON D Lite Plus,2015,235000,40903,Petrol
Ford Figo Petrol Titanium,2011,120000,60000,Petrol
Maruti Wagon R VXI,2004,130000,46000,Petrol
Ford Endeavour 4x4 XLT,2004,275000,22288,Diesel
Volkswagen Jetta 2.0 TDI Trendline,2011,270000,180000,Diesel
Volkswagen Polo 1.5 TDI Highline,2015,500000,30000,Diesel
Hyundai Grand i10 Sportz,2015,400000,61690,Petrol
Hyundai i20 Asta 1.2,2015,600000,64484,Petrol
Audi Q5 2.0 TDI,2012,1350000,90000,Diesel
Renault Duster 85PS Diesel RxE,2013,400000,75976,Diesel
Ford Figo Diesel Titanium,2011,220000,70000,Diesel
Honda Brio E MT,2012,300000,85962,Petrol
Maruti Omni E MPI STD BS IV,2018,250000,120000,Petrol
Honda Mobilio V i DTEC,2015,600000,120000,Diesel
Honda Brio S Option AT,2012,285000,75000,Petrol
Honda Accord 2.4 MT,2009,350000,57035,Petrol
Mahindra Bolero SLX,2011,170000,70000,Diesel
Ford Figo 1.2P Ambiente MT,2015,229999,45000,Petrol
Mahindra XUV500 W6 2WD,2013,500000,72104,Diesel
Tata Nano Lx,2011,75000,15000,Petrol
Hyundai i20 Active 1.2 SX,2016,600000,30000,Petrol
Tata Indigo LS Dicor,2011,220000,80000,Diesel
Tata Indica Vista Terra 1.4 TDI,2009,150000,164000,Diesel
Maruti Alto LX,2006,65000,124439,Petrol
Maruti Zen VXI,2006,120000,77000,Petrol
Maruti Swift Dzire VDI,2014,240000,90000,Diesel
Renault KWID 1.0 RXT Optional,2017,390000,30000,Petrol
Chevrolet Beat LS,2012,180000,50000,Petrol
Maruti Swift VDI,2012,320000,80000,Diesel
Maruti Alto 800 LXI,2018,310000,5000,Petrol
Maruti Wagon R AMT VXI,2018,420000,24000,Petrol
Tata Tiago NRG Petrol,2019,550000,10000,Petrol
Maruti Ertiga SHVS VDI,2016,550000,78000,Diesel
Mahindra TUV 300 T4 Plus,2018,760000,50000,Diesel
Maruti 800 AC BSII,2001,43000,100000,Petrol
Maruti Omni MPI STD BSIV,2018,250000,20000,Petrol
Hyundai Santro Magna BSIV,2019,500000,1250,Petrol
Tata Zest Revotron 1.2 XT,2015,380000,17152,Petrol
Mahindra XUV500 W11 Option AT AWD,2019,1850000,5000,Diesel
Volkswagen Polo Diesel Trendline 1.2L,2012,350000,77000,Diesel
Hyundai Verna CRDi,2008,195000,90000,Diesel
Chevrolet Beat LS,2011,225000,80000,Petrol
Toyota Innova 2.5 G (Diesel) 7 Seater,2015,1125000,65000,Diesel
Tata Indica Vista Quadrajet LX,2011,133000,80000,Diesel
Hyundai EON Era Plus,2013,200000,24005,Petrol
Maruti Vitara Brezza ZDi Plus,2018,940000,20000,Diesel
Renault Duster 85PS Diesel RxL,2014,400000,120000,Diesel
Hyundai i10 Era 1.1,2009,120000,120000,Petrol
Maruti Swift Dzire ZDI,2015,625000,80000,Diesel
Maruti Swift 1.3 VXi,2005,110000,80000,Petrol
Renault Duster 110PS Diesel RxZ,2012,490000,100000,Diesel
Maruti Alto LX,2009,140000,120000,Petrol
Ford Figo Diesel ZXI,2011,175000,149000,Diesel
Maruti Wagon R LXI BSIII,2005,90000,65000,Petrol
Maruti Swift Ldi BSIV,2009,275000,100000,Diesel
Volkswagen Vento Diesel Highline,2011,300000,65000,Diesel
Datsun GO Plus T Option BSIV,2018,270000,19000,Petrol
Chevrolet Beat LT,2010,130000,80000,Petrol
Maruti Alto K10 VXI Airbag,2015,275000,30000,Petrol
Maruti Swift VDI,2012,352000,109000,Diesel
Hyundai EON LPG Magna Plus,2012,180000,90000,LPG
Maruti Alto LX,2012,150000,90000,Petrol
Volkswagen Vento Diesel Highline,2011,300000,65000,Diesel
Maruti Swift Vdi BSIII,2010,300000,110000,Diesel
Mahindra Bolero DI DX 7 Seater,2007,225000,120000,Diesel
Honda Mobilio V i DTEC,2014,600000,44000,Diesel
Maruti Ertiga BSIV ZXI,2015,500000,80000,Petrol
Honda BR-V i-VTEC S MT,2018,900000,5000,Petrol
Hyundai i20 Magna 1.2,2016,600000,61000,Petrol
Toyota Etios VD,2011,450000,100000,Diesel
Hyundai i10 Era 1.1,2009,270000,27633,Petrol
Maruti Swift Vdi BSIII,2010,310000,100000,Diesel
Hyundai Santro Xing GLS Audio LPG,2012,250000,100000,LPG
Ford Figo 1.2P Titanium MT,2019,700000,12586,Petrol
Fiat Avventura Urban Cross 1.3 Multijet Emotion,2018,650000,38083,Diesel
Ford Figo Diesel ZXI,2012,400000,55328,Diesel
Ford Figo Diesel Titanium,2012,425000,81632,Diesel
Ford Aspire Titanium Diesel BSIV,2016,600000,155201,Diesel
Ford EcoSport 1.5 TDCi Titanium BSIV,2013,600000,93283,Diesel
Maruti Swift Ldi BSIII,2009,300000,217871,Diesel
Ford Fiesta Classic 1.4 Duratorq CLXI,2012,450000,90165,Diesel
Ford Ecosport 1.5 DV5 MT Titanium,2014,750000,101504,Diesel
Ford Figo Titanium Diesel BSIV,2010,325000,86017,Diesel
Mahindra XUV500 W8 2WD,2013,900000,85036,Diesel
Ford Ikon 1.3L Rocam Flair,2006,180000,91086,Petrol
Fiat Punto 1.3 Emotion,2013,350000,160254,Diesel
Ford EcoSport 1.5 TDCi Titanium BSIV,2013,600000,125531,Diesel
Honda WR-V i-DTEC V,2019,900000,60000,Diesel
Skoda Laura L n K 1.9 PD,2006,350000,100000,Diesel
Maruti Ritz LDi,2013,280000,90000,Diesel
Mahindra Xylo D2,2009,225000,120000,Diesel
Honda City i DTEC S,2014,520000,82000,Diesel
Mahindra Scorpio 1.99 S4,2016,509999,60000,Diesel
Maruti Baleno Alpha 1.2,2019,556000,24000,Petrol
Tata Indigo Grand Dicor,2014,225000,120000,Diesel
Honda Amaze EX i-Dtech,2013,325000,65000,Diesel
Maruti Swift VDI,2013,365000,65000,Diesel
Hyundai Creta 1.6 CRDi SX Plus,2015,850000,84000,Diesel
Toyota Etios GD SP,2013,350000,75000,Diesel
Maruti Swift VDI,2007,225000,50000,Diesel
Maruti Alto LX,2011,135000,50000,Petrol
Maruti Wagon R LXI Minor,2007,140000,49000,Petrol
Maruti SX4 S Cross DDiS 320 Delta,2016,665000,560000,Diesel
Renault KWID RXT,2015,275000,14365,Petrol
Toyota Fortuner 2.8 4WD AT BSIV,2017,2750000,41000,Diesel
Hyundai Verna 1.6 SX,2013,484999,65000,Diesel
Maruti Ciaz VDi Option SHVS,2015,565000,65000,Diesel
Maruti Swift Dzire VDI,2013,425000,61083,Diesel
Toyota Innova 2.5 VX (Diesel) 8 Seater,2013,925000,75000,Diesel
Mahindra Scorpio VLX 2WD AIRBAG SE BSIV,2012,565000,72000,Diesel
Renault Duster 110PS Diesel RxL,2014,525000,65000,Diesel
Hyundai Tucson 2.0 e-VGT 2WD MT,2017,1650000,55000,Diesel
Hyundai EON Era Plus,2015,295000,21000,Petrol
Jaguar XF 5.0 Litre V8 Petrol,2012,2050000,66363,Petrol
Hyundai Creta 1.6 VTVT AT SX Plus,2018,1475000,11700,Petrol
Hyundai Verna VTVT 1.6 AT SX Option,2017,1100000,10000,Petrol
Mercedes-Benz GL-Class 350 CDI Blue Efficiency,2014,4400000,100000,Diesel
Maruti Swift ZXI BSIV,2016,670000,7104,Petrol
Maruti S-Cross Zeta DDiS 200 SH,2015,750000,45974,Diesel
Hyundai Verna 1.6 VTVT SX,2015,760000,55340,Petrol
Volkswagen Polo GTI,2017,850000,20000,Petrol
Renault Pulse RxL,2015,390000,61585,Diesel
Maruti Celerio VXI AMT BSIV,2016,450000,39415,Petrol
Honda Brio V MT,2014,425000,29654,Petrol
Maruti Baleno Alpha 1.3,2016,770000,64672,Diesel
Hyundai Creta 1.6 SX Automatic Diesel,2015,1150000,54634,Diesel
Honda City i VTEC V,2015,775000,66521,Petrol
Toyota Innova Crysta 2.4 GX AT,2018,1725000,23974,Diesel
BMW 3 Series 320d Luxury Line,2016,2150000,43000,Diesel
Renault Duster 85PS Diesel RxL,2013,450000,1000,Diesel
Mercedes-Benz C-Class Progressive C 220d,2018,3800000,10000,Diesel
Audi A4 3.0 TDI Quattro,2013,1580000,86000,Diesel
BMW X5 xDrive 30d xLine,2019,4950000,30000,Diesel
Hyundai Creta 1.6 CRDi SX,2016,535000,52600,Diesel
Maruti SX4 Vxi BSIV,2012,225000,110000,Petrol
Hyundai Grand i10 1.2 Kappa Magna AT,2017,550000,19890,Petrol
Maruti Swift ZXI BSIV,2016,670000,7104,Petrol
Maruti Ertiga VXI,2015,625000,11918,Petrol
Hyundai Grand i10 Magna AT,2017,520000,10510,Petrol
Chevrolet Beat LT Option,2016,239000,41000,Petrol
Toyota Fortuner 4x2 AT,2017,2600000,47162,Diesel
Maruti S-Cross Zeta DDiS 200 SH,2015,750000,45974,Diesel
Hyundai i10 Magna,2012,229999,49824,Petrol
Audi A6 2.0 TDI Premium Plus,2013,1300000,58500,Diesel
Hyundai Santro GS,2005,80000,56580,Petrol
Skoda Laura Ambiente 2.0 TDI CR MT,2012,385000,52000,Diesel
Hyundai Verna 1.6 VTVT SX,2015,760000,55340,Petrol
Maruti Swift Dzire VDI,2017,600000,46507,Diesel
Renault Duster 85PS Diesel RxL,2013,450000,1000,Diesel
Mercedes-Benz C-Class Progressive C 220d,2018,3800000,10000,Diesel
Audi A4 3.0 TDI Quattro,2013,1580000,86000,Diesel
BMW X5 xDrive 30d xLine,2019,4950000,30000,Diesel
Hyundai Creta 1.6 CRDi SX,2016,535000,52600,Diesel
Maruti SX4 Vxi BSIV,2012,225000,110000,Petrol
Hyundai Grand i10 1.2 Kappa Magna AT,2017,550000,19890,Petrol
Maruti Swift ZXI BSIV,2016,670000,7104,Petrol
Maruti Ertiga VXI,2015,625000,11918,Petrol
Hyundai Grand i10 Magna AT,2017,520000,10510,Petrol
Chevrolet Beat LT Option,2016,239000,41000,Petrol
Toyota Fortuner 4x2 AT,2017,2600000,47162,Diesel
Maruti S-Cross Zeta DDiS 200 SH,2015,750000,45974,Diesel
Hyundai i10 Magna,2012,229999,49824,Petrol
Audi A6 2.0 TDI Premium Plus,2013,1300000,58500,Diesel
Hyundai Santro GS,2005,80000,56580,Petrol
Skoda Laura Ambiente 2.0 TDI CR MT,2012,385000,52000,Diesel
Hyundai Verna 1.6 VTVT SX,2015,760000,55340,Petrol
Maruti Swift Dzire VDI,2017,600000,46507,Diesel
Renault Duster 85PS Diesel RxL,2013,450000,1000,Diesel
Mercedes-Benz C-Class Progressive C 220d,2018,3800000,10000,Diesel
Audi A4 3.0 TDI Quattro,2013,1580000,86000,Diesel
BMW X5 xDrive 30d xLine,2019,4950000,30000,Diesel
Hyundai Creta 1.6 CRDi SX,2016,535000,52600,Diesel
Maruti SX4 Vxi BSIV,2012,225000,110000,Petrol
Hyundai Grand i10 1.2 Kappa Magna AT,2017,550000,19890,Petrol
Maruti Swift ZXI BSIV,2016,670000,7104,Petrol
Maruti Ertiga VXI,2015,625000,11918,Petrol
Hyundai Grand i10 Magna AT,2017,520000,10510,Petrol
Chevrolet Beat LT Option,2016,239000,41000,Petrol
Toyota Fortuner 4x2 AT,2017,2600000,47162,Diesel
Maruti S-Cross Zeta DDiS 200 SH,2015,750000,45974,Diesel
Hyundai i10 Magna,2012,229999,49824,Petrol
Audi A6 2.0 TDI Premium Plus,2013,1300000,58500,Diesel
Hyundai Santro GS,2005,80000,56580,Petrol
Skoda Laura Ambiente 2.0 TDI CR MT,2012,385000,52000,Diesel
Hyundai Verna 1.6 VTVT SX,2015,760000,55340,Petrol
Maruti Swift Dzire VDI,2017,600000,46507,Diesel
Renault Duster 85PS Diesel RxL,2013,450000,1000,Diesel
Mercedes-Benz C-Class Progressive C 220d,2018,3800000,10000,Diesel
Audi A4 3.0 TDI Quattro,2013,1580000,86000,Diesel
BMW X5 xDrive 30d xLine,2019,4950000,30000,Diesel
Hyundai Creta 1.6 CRDi SX,2016,535000,52600,Diesel
Maruti SX4 Vxi BSIV,2012,225000,110000,Petrol
Hyundai Grand i10 1.2 Kappa Magna AT,2017,550000,19890,Petrol
Maruti Swift ZXI BSIV,2016,670000,7104,Petrol
Maruti Ertiga VXI,2015,625000,11918,Petrol
Hyundai Grand i10 Magna AT,2017,520000,10510,Petrol
Chevrolet Beat LT Option,2016,239000,41000,Petrol
Toyota Fortuner 4x2 AT,2017,2600000,47162,Diesel
Maruti S-Cross Zeta DDiS 200 SH,2015,750000,45974,Diesel
Hyundai i10 Magna,2012,229999,49824,Petrol
Audi A6 2.0 TDI Premium Plus,2013,1300000,58500,Diesel
Hyundai Santro GS,2005,80000,56580,Petrol
Skoda Laura Ambiente 2.0 TDI CR MT,2012,385000,52000,Diesel
Hyundai Verna 1.6 VTVT SX,2015,760000,55340,Petrol
Maruti Swift Dzire VDI,2017,600000,46507,Diesel
Hyundai i20 Sportz 1.2,2013,350000,50000,Petrol
Maruti Alto 800 LXI,2014,114999,30000,Petrol
Hyundai i20 Sportz 1.2,2013,380000,50000,Petrol
Maruti Gypsy E MG410W ST,1995,95000,100000,Petrol
Mahindra Scorpio 1.99 S6 Plus,2016,900000,35000,Diesel
Chevrolet Beat LT,2012,200999,90000,Petrol
Maruti Omni E MPI STD BS IV,2014,229999,11451,Petrol
Tata Nexon 1.5 Revotorq XZ,2019,800000,60000,Diesel
Mahindra Verito 1.5 D4 BSIV,2012,150000,172000,Diesel
Maruti Swift VDI,2018,600000,60000,Diesel
Chevrolet Tavera LS B3 7 Seats BSII,2005,150000,150000,Diesel
Chevrolet Optra Magnum 2.0 LS,2009,150000,66000,Diesel
Maruti Eeco 5 Seater Standard BSIV,2019,380000,5000,Petrol
Maruti Swift 1.3 VXi,2006,80000,66508,Petrol
Honda Civic 1.8 MT Sport,2007,225000,55000,Petrol
Tata Nano Lx BSIV,2012,75000,29900,Petrol
Tata Hexa XT 4X4,2017,1600000,3000,Diesel
Tata Indica Vista Quadrajet VX,2012,185000,85000,Diesel
Mahindra Scorpio 2.6 CRDe SLE,2011,425000,50000,Diesel
Tata Indica Vista Aqua 1.4 TDI,2010,100000,120000,Diesel
Maruti Zen Estilo LXI BSIII,2008,140000,90000,Petrol
Maruti Swift Dzire AMT ZXI Plus BS IV,2017,710000,8000,Petrol
Honda Amaze S AT i-Vtech,2015,450000,7900,Petrol
Datsun RediGO T Option,2017,210000,50000,Petrol
Maruti Alto K10 VXI,2016,270000,25000,Petrol
Maruti Alto LXi,2009,110000,20000,Petrol
Maruti Swift VXI,2018,540000,17500,Petrol
Mahindra Renault Logan 1.4 GLX Petrol,2008,145000,25000,Petrol
Tata Safari Storme VX,2013,360000,206500,Diesel
Hyundai i10 Magna LPG,2013,250000,88600,LPG
Tata Venture EX,2012,110000,80000,Diesel
Chevrolet Captiva LT,2008,250000,100000,Diesel
Ford Fiesta Classic 1.4 Duratorq CLXI,2011,150000,186000,Diesel
Chevrolet Aveo U-VA 1.2 LS,2010,140000,60000,Petrol
Maruti Ciaz Zeta BSIV,2019,925000,11000,Petrol
Tata Hexa XM,2017,969999,30000,Diesel
Hyundai Santro Xing GL PLUS CNG,2007,90000,80000,CNG
Hyundai Santro GLS I - Euro I,2001,55000,60000,Petrol
Hyundai Verna CRDi,2007,155000,100000,Diesel
Mahindra Thar CRDe ABS,2019,900000,15000,Diesel
Maruti Alto K10 2010-2014 VXI,2011,135000,90000,Petrol
Maruti 800 AC,2012,180000,120000,Petrol
Hyundai Verna 1.6 SX,2013,495000,100000,Diesel
Toyota Innova 2.5 V Diesel 8-seater,2009,400000,138000,Diesel
Hyundai Verna CRDi,2008,250000,110000,Diesel
Maruti Alto K10 LXI,2015,138000,120000,Petrol
Honda City 1.5 V AT,2011,311000,70000,Petrol
Maruti Alto 800 VXI,2015,190000,70000,Petrol
Mahindra Bolero SLX,2011,311000,140000,Diesel
Maruti Ritz LXI,2009,300000,15000,Petrol
Honda Jazz VX,2018,600000,20000,Petrol
Mahindra Scorpio SLE BSIII,2009,550000,100000,Diesel
Skoda Rapid 1.6 MPI AT Elegance Plus,2015,600000,70000,Petrol
Maruti Alto 800 VXI,2018,195000,5000,Petrol
Tata Nano LX,2013,58000,27974,Petrol
Maruti Alto 800 VXI,2018,183000,40000,Petrol
Maruti Zen Estilo 1.1 VXI BSIII,2007,95000,80000,Petrol
Maruti Wagon R LX Minor,2013,250000,38000,Petrol
Maruti Wagon R LX Minor,2013,250000,38000,Petrol
Tata Zest Revotron 1.2 XT,2014,400000,35000,Petrol
Hyundai Verna 1.6 SX CRDi (O),2012,409999,60000,Diesel
Skoda Octavia Classic 1.9 TDI MT,2004,120000,120000,Diesel
Maruti Swift AMT VXI,2018,600000,18000,Petrol
Honda Amaze SX i-VTEC,2016,600000,10000,Petrol
Mahindra XUV500 W6 2WD,2015,825000,90000,Diesel
Toyota Etios GD,2016,625000,80000,Diesel
Hyundai Grand i10 Nios Magna CRDi,2020,700000,1400,Diesel
Chevrolet Beat LS,2011,160000,60000,Petrol
Maruti Alto LX,2011,114999,60000,Petrol
Maruti Wagon R LXI Minor,2009,150000,53000,Petrol
Volkswagen Jetta 1.9 L TDI,2010,250000,100000,Diesel
Hyundai Verna 1.6 SX,2012,390000,86000,Diesel
Renault Duster 85PS Diesel RxL,2015,650000,100000,Diesel
Hyundai Xcent 1.1 CRDi SX Option,2016,600000,30000,Diesel
Hyundai i20 1.2 Sportz,2011,250000,120000,Petrol
Hyundai Santro Xing GL Plus LPG,2011,229999,60000,LPG
Maruti Ritz LDi,2016,299000,50000,Diesel
Chevrolet Cruze LTZ,2010,330000,124000,Diesel
Hyundai Accent Executive,2012,180000,100000,Petrol
Hyundai Grand i10 1.2 Kappa Asta,2017,475000,42000,Petrol
Hyundai Grand i10 CRDi Sportz,2015,325000,100000,Diesel
Honda City i VTEC V,2016,639000,28205,Petrol
Maruti Celerio VXI AT,2017,415000,32670,Petrol
Hyundai Creta 1.6 CRDi AT SX Plus,2016,1199000,30093,Diesel
Maruti Ertiga VXI CNG,2013,525000,56228,CNG
Hyundai Verna 1.6 SX VTVT,2013,425000,59319,Petrol
Maruti Vitara Brezza VDi,2016,699000,39503,Diesel
Hyundai Grand i10 1.2 Kappa Sportz Dual Tone,2013,325000,35299,Petrol
Toyota Etios V,2011,275000,51687,Petrol
Volkswagen Vento Petrol Highline AT,2011,269000,76259,Petrol
Volkswagen Polo Diesel Highline 1.2L,2013,399000,44049,Diesel
Mahindra KUV 100 mFALCON D75 K8,2017,475000,45087,Diesel
Toyota Etios V,2011,249000,41125,Petrol
Audi A4 New  2.0 TDI Multitronic,2014,1549000,42215,Diesel
Volkswagen Polo Petrol Highline 1.2L,2011,254999,54206,Petrol
Skoda Rapid 1.6 MPI Active,2012,269000,52547,Petrol
Maruti Ertiga ZDI,2014,665000,59110,Diesel
Maruti Wagon R Stingray LXI,2014,299000,54565,Petrol
Hyundai i20 Asta,2010,265000,47564,Petrol
Volkswagen Polo Petrol Highline 1.2L,2010,211000,45143,Petrol
Skoda Superb 1.8 TSI,2013,599000,61624,Petrol
Tata Indigo LS,2007,55000,195000,Diesel
Hyundai Verna 1.6 SX CRDi (O),2014,550000,50000,Diesel
Land Rover Discovery Sport TD4 HSE 7S,2018,4000000,68000,Diesel
Tata Sumo GX TC 8 Str,2010,220000,120000,Diesel
Maruti Swift VXI,2019,500000,20000,Petrol
Maruti Alto LXi,2010,140000,30000,Petrol
Maruti Swift VDI,2013,325000,60000,Diesel
Hyundai i20 Magna,2010,210000,90000,Petrol
Maruti Alto LXi,2008,110000,90000,Petrol
Hyundai Verna CRDi 1.6 SX Option,2019,1200000,25000,Diesel
Maruti Alto 800 VXI,2017,229999,40000,Petrol
Maruti SX4 Vxi BSIV,2012,225000,110000,Petrol
Maruti Alto 800 LXI,2006,165000,132000,Petrol
Tata Tiago XZA AMT,2018,525000,10980,Petrol
Hyundai EON Era Plus,2018,325000,20629,Petrol
Toyota Innova Crysta 2.4 VX MT BSIV,2018,1500000,50000,Diesel
Hyundai Grand i10 AT Asta,2015,400000,30000,Petrol
Maruti Ciaz VXi,2015,550000,69782,Petrol
Maruti 800 Std,2003,98000,54000,Petrol
Mahindra XUV500 W8 4WD,2013,900000,63654,Diesel
Renault Lodgy 85PS RxL,2017,700000,60000,Diesel
Mahindra Scorpio S6 Plus 7 Seater,2015,890000,52000,Diesel
Maruti Swift LDI BSIV,2015,490000,59385,Diesel
Hyundai i20 2015-2017 Magna 1.2,2015,525000,70378,Petrol
Maruti Wagon R LXI BS IV,2013,330000,55425,Petrol
Mahindra Bolero 2011-2019 SLX 2WD BSIII,2013,550000,78413,Diesel
Mahindra Bolero Power Plus SLX,2018,790000,40890,Diesel
Honda Brio S MT,2015,350000,34823,Petrol
Toyota Innova Crysta 2.8 ZX AT BSIV,2017,1700000,75000,Diesel
Maruti Ciaz VDI SHVS,2017,750000,55545,Diesel
Honda Amaze EX i-Dtech,2014,409999,56541,Diesel
Hyundai EON Magna Plus,2016,220000,43700,Petrol
Tata Indica GLS BS IV,2009,68000,120000,Petrol
Hyundai EON Era Plus,2017,290000,20000,Petrol
Honda City i DTec SV,2014,600000,27483,Diesel
Maruti Swift LXI,2019,470000,8000,Petrol
Hyundai i10 Sportz 1.2,2008,150000,30000,Petrol
Maruti Alto 800 LXI,2014,180000,56207,Petrol
Maruti Zen LXI,2006,80000,70000,Petrol
Honda WR-V i-VTEC VX,2018,875000,1440,Petrol
Maruti Alto 800 LXI,2019,300000,50000,Petrol
Toyota Fortuner 2.8 2WD AT BSIV,2017,2800000,20000,Diesel
Toyota Innova Crysta 2.4 ZX MT,2017,1330000,91195,Diesel
Volkswagen Polo 1.5 TDI Trendline,2011,220000,63657,Diesel
Mahindra Verito Vibe 1.5 dCi D4,2013,250000,60000,Diesel
Toyota Innova 2.5 G (Diesel) 7 Seater,2016,919999,75000,Diesel
Volkswagen Vento Magnific 1.6 Highline,2013,380000,97248,Petrol
Maruti Swift VDI,2012,450000,46000,Diesel
Hyundai Verna 1.6 VTVT AT S Option,2016,770000,10000,Petrol
Maruti Swift Dzire LDI,2018,550000,80000,Diesel
Tata New Safari DICOR 2.2 GX 4x2,2011,320000,100000,Diesel
Maruti SX4 Vxi BSIV,2013,400000,35000,Petrol
Maruti Celerio VXI AT,2017,450000,50000,Petrol
Maruti SX4 ZDI,2011,220000,90000,Diesel
Mahindra XUV500 W8 2WD,2012,400000,150000,Diesel
Hyundai Verna 1.6 SX VTVT (O),2013,530000,89000,Petrol
Maruti Swift Dzire VDI,2014,390000,60000,Diesel
Fiat Grande Punto 1.3 Dynamic (Diesel),2012,185000,100000,Diesel
Maruti SX4 Vxi BSIV,2012,300000,100000,Petrol
Maruti Swift VDI BSIV,2014,575000,90000,Diesel
Maruti Wagon R Stingray VXI,2014,300000,75000,Petrol
Toyota Etios Liva 1.4 VD,2017,425000,36000,Diesel
Hyundai Xcent 1.2 Kappa SX,2016,350000,12000,Petrol
Honda Amaze VX O iDTEC,2017,550000,12997,Diesel
Maruti Ciaz 1.4 AT Zeta,2017,500000,40000,Petrol
Mahindra Scorpio S4 4WD,2015,600000,60000,Diesel
Mahindra Quanto C8,2013,300000,25000,Diesel
Hyundai Verna CRDi 1.6 SX Option,2018,1150000,26430,Diesel
Maruti Swift 1.3 VXI ABS,2015,475000,24600,Petrol
